round,slice,frame,object_ref,cell,what,why,severity,owner,rule_id,evidence,action,rules_version,note
calib,C0,adasind_019560.jpg,L2,na,SPURIOUS,,,,,,,,
calib,C0,adasind_019560.jpg,L3+R6,na,WRONG_CLASS,,,,R04,"Xe trắng đầu tròn kính tối ở (296,743)-(338,812); tôi gán Truck, reference gán ThreeWheeler",,v1.0.0,"Nhìn lại ảnh thì đầu xe tròn kiểu e-rickshaw, không thấy thùng sau; nghiêng về ThreeWheeler, sẽ sửa ở slice chính nếu gặp ca tương tự"
calib,C0,adasind_019560.jpg,L4,na,SPURIOUS,,,,,,,,
calib,C0,adasind_019560.jpg,L5,na,SPURIOUS,,,,,,,,
calib,C0,adasind_019560.jpg,L7,na,SPURIOUS,,,,R03,"Người áo vàng đứng dắt xe đạp ở (643,740)-(692,915), cao 175 px, nhìn rõ",,v1.0.0,"Reference không có box người này; theo R03 người dắt xe phải có Pedestrian riêng, tôi giữ box và nghi reference thiếu"
calib,C0,adasind_019560.jpg,L10,na,SPURIOUS,,,,,,,,
calib,C0,adasind_019560.jpg,R5,na,MISSING,,,,R02,"Reference box ThreeWheeler rộng (327,721)-(457,849) trùm cả xe đỏ và đống xe đạp; tôi vẽ xe đỏ hẹp hơn (357,733)-(422,845) là Truck nên IoU dưới 0,5",,v1.0.0,"Không phải thiếu vật mà lệch hình học + class: reference lấy cả phần xe đạp che phía trước vào box, trái R02 bám phần nhìn thấy của chính vật đó"
r1_craft,B4-edge,adasind_236370.jpg,L1,L_only,MISSING,,,,R03,"Người áo xám đứng cạnh xe máy, tay cầm ghi đông và túi xanh, cao 288 px; prefill không có",,v1.0.0,Prefill bỏ sót; tôi thêm Pedestrian và tách xe máy thành Bike riêng (L3) vì người không ngồi trên xe
r1_craft,B4-edge,adasind_236370.jpg,L6,L_only,BOX_GEOMETRY,,,,R02,"Box Bike prefill (900,881)-(1014,1015) hụt mép trái và bánh sau của xe đạp sát rìa vòng kính",,v1.0.0,"Kéo lại thành (895,875)-(1020,1012) theo phần nhìn thấy; không nắn thẳng xe bị méo ở rìa"
r1_craft,B4-edge,adasind_258420.jpg,L2,L_only,WRONG_CLASS,,,,R04,"Xe màu trắng phía xa sau xe máy, cao 66 px, chỉ thấy nửa trên, không rõ có thùng hàng",,v1.0.0,"Tạm gán Truck vì dáng cao và vuông; chưa chắc giữa Car và Truck, cần QA xem lại"
r1_craft,B4-edge,adasind_310008.jpg,L2,L_only,ATTRIBUTE,,,,R05,Người đi ngoài cùng bên trái nhóm 4 người bị người đi cạnh che nửa thân dưới,,v1.0.0,Đặt occluded=true; không đặt truncated vì người vẫn nằm trong vòng kính
r2_qa,B4-edge,adasind_236370.jpg,L3,L_only,BOX_GEOMETRY,,,,R02,screenshots/qa_236370_rider_bikes.png,,v1.0.0,Box Bike gộp xe máy của L1 và xe đạp trước L4; cần tách theo từng xe
r2_qa,B4-edge,adasind_236370.jpg,L4,L_only,MISSING,,,,R03,screenshots/qa_236370_rider_bikes.png,,v1.0.0,Cậu bé dắt xe đạp: có Pedestrian nhưng thiếu Bike riêng cho xe đạp
r2_qa,B4-edge,adasind_258420.jpg,L2,L_only,WRONG_CLASS,,,,R04,screenshots/qa_258420_far_truck.png,,v1.0.0,Chỉ thấy thùng sau xe tối màu; Truck hay Bus chưa loại trừ được
r2_qa,B4-edge,adasind_310008.jpg,L3,L_only,BOX_GEOMETRY,,,,R02,screenshots/qa_310008_group.png,,v1.0.0,Đáy box kéo xuống cả bóng dưới chân khoảng 10-15 px
r1_craft,B4-edge,adasind_236370.jpg,L1,na,SPURIOUS,,,,,,,,
r1_craft,B4-edge,adasind_236370.jpg,L2,na,SPURIOUS,,,,,,,,
r1_craft,B4-edge,adasind_236370.jpg,L3+R4,na,BOX_GEOMETRY,,,,,,,,
r1_craft,B4-edge,adasind_258420.jpg,L2,na,SPURIOUS,,,,,,,,
r1_craft,B4-edge,adasind_258420.jpg,R5,na,MISSING,,,,,,,,
r1_craft,B4-edge,adasind_258420.jpg,R7,na,MISSING,,,,,,,,
r3_diag,B4-edge,adasind_236370.jpg,L1+M2,LM_noR,SPURIOUS,E2_guideline_gap,P2,guideline,R03,screenshots/qa_236370_rider_bikes.png,escalate,v1.0.0,"Người áo xám đứng sát xe máy, tay cầm ghi đông, chân chạm đất. A và model tách Pedestrian + Bike; reference gộp thành một Bike như rider. R03 chưa định nghĩa ca đứng cầm ghi đông nhưng chưa ngồi nên chuyển guideline"
r3_diag,B4-edge,adasind_236370.jpg,L2,L_only,SPURIOUS,E1_annotator_error,P1,annotator,R02,screenshots/qa_236370_rider_bikes.png,rework,v1.0.0,"A cắt một xe máy thành hai box (L2 phần đầu xe, L3 phần đuôi). Reference và model đều chỉ có một Bike vùng này. Gộp L2 vào L3"
r3_diag,B4-edge,adasind_236370.jpg,L3+M1,LM_noR,SPURIOUS,E1_annotator_error,P1,annotator,R02,screenshots/qa_236370_rider_bikes.png,rework,v1.0.0,"Box L3 lệch sang phải, hụt phần đầu xe máy nên IoU với M1 và R4 dưới 0,5. Vẽ lại một box theo cả xe khoảng (595,830)-(885,1018); khớp nhận xét QA của B"
r3_diag,B4-edge,adasind_236370.jpg,R4,R_only,MISSING,E1_annotator_error,P1,annotator,R02,screenshots/qa_236370_rider_bikes.png,rework,v1.0.0,Cùng xe máy với L2/L3; sẽ ghép được khi gộp box. Phần người đứng tách riêng xử lý theo dòng escalate L1+M2
r3_diag,B4-edge,adasind_258420.jpg,L5+R4,LR_noM,MISSING,E4_model_domain,P2,ai_team,R04,r3_diag/model_compare.html,escalate,v1.0.0,"Model gán ThreeWheeler thành Truck (M8). Cùng mẫu lỗi ở 5/5 xe ba bánh trong slice (M4, M8, M11 frame 258420 và M6/M7 frame 310008) nên đủ nhiều ca để coi là lỗi miền của model, không phải lỗi nhãn"
r3_diag,B4-edge,adasind_258420.jpg,L6+R8,LR_noM,MISSING,E4_model_domain,P2,ai_team,R04,r3_diag/model_compare.html,keep_with_reason,v1.0.0,Model gán auto-rickshaw đỗ bên phải thành Car (M11). Cùng mẫu với dòng L5+R4 đã escalate; nhãn L/R giữ nguyên
r3_diag,B4-edge,adasind_258420.jpg,L3+R1,LR_noM,MISSING,E4_model_domain,P2,ai_team,R04,r3_diag/model_compare.html,keep_with_reason,v1.0.0,"Xe ba bánh sát mép trái, model gán Truck (M4). Cùng mẫu ThreeWheeler; nhãn L/R giữ nguyên"
r3_diag,B4-edge,adasind_258420.jpg,L7+R3,LR_noM,MISSING,E4_model_domain,P2,ai_team,R03,r3_diag/model_compare.html,keep_with_reason,v1.0.0,"Model tách người lái (M5 Pedestrian) khỏi xe (M3 Bike chỉ ôm nửa dưới) nên không ghép được với Bike của L/R. Model đếm kiểu COCO, khác R03; nhãn L/R đúng rule"
r3_diag,B4-edge,adasind_258420.jpg,L2,L_only,SPURIOUS,E0_reference_defect,P1,qa,R01,screenshots/qa_258420_far_truck.png,keep_with_reason,v1.0.0,Phóng to thấy rõ đuôi một xe tải thùng tối màu cao 66 px sau xe con trắng; reference và model đều bỏ sót. Giữ box của A; class Truck hay Bus cần xem thêm frame liền kề
r3_diag,B4-edge,adasind_258420.jpg,R5,R_only,MISSING,E1_annotator_error,P1,annotator,R01,r3_diag/local_quality_conflicts.csv,rework,v1.0.0,"Xe con trắng phía xa cao 42 px, trên ngưỡng 40 px; A tưởng dưới ngưỡng nên bỏ. Thêm box Car"
r3_diag,B4-edge,adasind_258420.jpg,R7+M12,RM_noL,MISSING,E1_annotator_error,P1,annotator,R01,r3_diag/model_compare.html,rework,v1.0.0,"Người đi bộ nhỏ sau người áo trắng, cao 51 px; cả R và M đều thấy, A bỏ sót. Thêm box Pedestrian"
r3_diag,B4-edge,adasind_258420.jpg,M3,M_only,SPURIOUS,E4_model_domain,P2,ai_team,R03,r3_diag/model_compare.html,keep_with_reason,v1.0.0,Box Bike của model chỉ ôm nửa dưới xe máy vì đã tách người lái thành M5
r3_diag,B4-edge,adasind_258420.jpg,M4,M_only,SPURIOUS,E4_model_domain,P2,ai_team,R04,r3_diag/model_compare.html,keep_with_reason,v1.0.0,ThreeWheeler bị model gán Truck; xem dòng escalate L5+R4
r3_diag,B4-edge,adasind_258420.jpg,M5,M_only,SPURIOUS,E4_model_domain,P2,ai_team,R03,r3_diag/model_compare.html,keep_with_reason,v1.0.0,Người lái xe máy bị model tách thành Pedestrian riêng; theo R03 người lái nằm trong box Bike
r3_diag,B4-edge,adasind_258420.jpg,M6,M_only,SPURIOUS,E4_model_domain,P3,ai_team,R02,r3_diag/local_quality_conflicts.csv,keep_with_reason,v1.0.0,"Model thấy đúng xe con trắng nhưng box rộng hơn reference (IoU khoảng 0,44), dưới ngưỡng ghép 0,5"
r3_diag,B4-edge,adasind_258420.jpg,M7,M_only,SPURIOUS,E4_model_domain,P2,ai_team,R03,r3_diag/model_compare.html,keep_with_reason,v1.0.0,Người áo hồng ngồi sau xe máy L1 bị model tách thành Pedestrian; theo R03 thuộc box Bike
r3_diag,B4-edge,adasind_258420.jpg,M8,M_only,SPURIOUS,E4_model_domain,P2,ai_team,R04,r3_diag/model_compare.html,keep_with_reason,v1.0.0,ThreeWheeler đang chạy giữa đường bị model gán Truck; xem dòng escalate L5+R4
r3_diag,B4-edge,adasind_258420.jpg,M10,M_only,SPURIOUS,E4_model_domain,P2,ai_team,R03,r3_diag/model_compare.html,keep_with_reason,v1.0.0,Người lái xe máy L1 bị model tách thành Pedestrian riêng
r3_diag,B4-edge,adasind_258420.jpg,M11,M_only,SPURIOUS,E4_model_domain,P2,ai_team,R04,r3_diag/model_compare.html,keep_with_reason,v1.0.0,Auto-rickshaw đỗ bên phải bị model gán Car
r3_diag,B4-edge,adasind_310008.jpg,L1+R1,LR_noM,MISSING,E4_model_domain,P2,ai_team,R04,r3_diag/model_compare.html,keep_with_reason,v1.0.0,"Xe ba bánh phía trước: model ra hai box trùng vị trí là Truck (M6) và Bus (M7), không có ThreeWheeler"
r3_diag,B4-edge,adasind_310008.jpg,M6,M_only,SPURIOUS,E4_model_domain,P2,ai_team,R04,r3_diag/model_compare.html,keep_with_reason,v1.0.0,ThreeWheeler bị model gán Truck
r3_diag,B4-edge,adasind_310008.jpg,M7,M_only,SPURIOUS,E4_model_domain,P2,ai_team,R04,r3_diag/model_compare.html,keep_with_reason,v1.0.0,Box Bus trùng khít box Truck M6 trên cùng một xe ba bánh: model vừa sai class vừa ra box trùng
